{
  "revenue": {
    "SeasonalNaive(12)": {
      "p50": [
        429480.99,
        525571.54,
        575479.58,
        504852.74,
        462238.50000000006,
        675635.36,
        692636.0800000001,
        274216.37,
        592555.4300000002,
        533796.5900000001,
        537914.46,
        455989.3099999999
      ],
      "pred_sum": 6260366.949999999,
      "actual_sum": 7371607.9399999995,
      "pct_error": -15.07460786092756,
      "mape_pct": 17.327549451102634,
      "rmse": 114225.87192405688
    },
    "AutoETS": {
      "p50": [
        458739.78655745235,
        540605.328528918,
        533566.3817113733,
        553507.3120345165,
        525015.6643338553,
        532959.5906253832,
        588497.7653859046,
        454957.63291092834,
        521657.2077092439,
        513811.5976327777,
        535129.6934323298,
        541501.8948442269
      ],
      "pred_sum": 6299949.85570691,
      "actual_sum": 7371607.9399999995,
      "pct_error": -14.537643523850916,
      "mape_pct": 14.267512154270214,
      "rmse": 116646.34456867659
    },
    "Theta": {
      "p50": [
        520721.2134304532,
        520620.1272251765,
        520519.0410198998,
        520417.9548146231,
        520316.8686093464,
        520215.78240406973,
        520114.696198793,
        520013.6099935163,
        519912.52378823963,
        519811.43758296303,
        519710.35137768637,
        519609.26517240965
      ],
      "pred_sum": 6241982.8716171775,
      "actual_sum": 7371607.9399999995,
      "pct_error": -15.323998204695922,
      "mape_pct": 16.906430237522716,
      "rmse": 135230.17131190954
    },
    "LightGBM": {
      "p50": [
        585487.6245964445,
        610325.8687308055,
        540107.767823968,
        544828.9774980716,
        526899.5862103984,
        486713.02274486754,
        494664.0392178163,
        620294.1592588047,
        354861.12983108603,
        553490.0291813608,
        560457.4655952589,
        535177.5277564257
      ],
      "pred_sum": 6413307.198445308,
      "actual_sum": 7371607.9399999995,
      "pct_error": -12.999887532742166,
      "mape_pct": 17.930801539002363,
      "rmse": 169631.4103094828
    },
    "AutoETS+MinT-OLS (v3 prod)": {
      "p50": [
        471214.5398805039,
        520823.7286025498,
        520880.21338191035,
        539712.3477352513,
        504923.06783305213,
        527015.5168085293,
        598397.0308687696,
        471228.52766237064,
        529757.2507346054,
        490903.28818439314,
        531231.1433291198,
        548663.4231481688
      ],
      "pred_sum": 6254750.078169224,
      "actual_sum": 7371607.9399999995,
      "pct_error": -15.150803880527262,
      "mape_pct": 15.470320824022634,
      "rmse": 119137.92041978276
    },
    "Ensemble[Theta,ETS,SN]": {
      "p50": [
        469647.32999596855,
        528932.3319180316,
        543188.3342437577,
        526259.3356163799,
        502523.6776477339,
        576270.244343151,
        600416.1805282325,
        416395.8709681483,
        544708.3871658279,
        522473.20840524696,
        530918.1682700054,
        505700.1566722121
      ],
      "pred_sum": 6267433.225774695,
      "actual_sum": 7371607.9399999995,
      "pct_error": -14.978749863158136,
      "mape_pct": 13.864775131360771,
      "rmse": 112940.13728605835
    },
    "Chronos-bolt (univariate)": {
      "p50": [
        526339.6875,
        521612.90625,
        517278.84375,
        517952.4375,
        524458.8125,
        520245.21875,
        522801.09375,
        522937.4375,
        519990.34375,
        519986.03125,
        521599.46875,
        521845.59375
      ],
      "pred_sum": 6257048.0,
      "actual_sum": 7371607.9399999995,
      "pct_error": -15.119631280878993,
      "mape_pct": 16.800543887896712,
      "rmse": 134586.3851720253
    },
    "TTM-r2 (multivariate)": {
      "p50": [
        485133.4375,
        489527.0,
        490737.125,
        492010.375,
        492843.15625,
        490748.0,
        495050.375,
        498326.0,
        495420.59375,
        494948.34375,
        495350.71875,
        493743.6875
      ],
      "pred_sum": 5913838.5,
      "actual_sum": 7371607.9399999995,
      "pct_error": -19.775460820288817,
      "mape_pct": 20.6082151605357,
      "rmse": 155506.03913007738
    }
  },
  "units": {
    "SeasonalNaive(12)": {
      "p50": [
        616.0,
        535.0,
        546.0,
        481.0,
        499.0,
        604.0,
        772.0,
        218.0,
        618.0,
        465.0,
        574.0,
        406.0
      ],
      "pred_sum": 6334.0,
      "actual_sum": 8250.0,
      "pct_error": -23.224242424242426,
      "mape_pct": 23.365213742946413,
      "rmse": 188.78029558192773
    },
    "AutoETS": {
      "p50": [
        487.2327440516672,
        486.26714946837575,
        483.0303404536683,
        505.26335571305145,
        461.6433167345988,
        538.8660211265004,
        679.1010171679868,
        501.57597777013916,
        662.720957863065,
        435.2082150908513,
        479.74928383739586,
        466.9984940232218
      ],
      "pred_sum": 6187.6568733005215,
      "actual_sum": 8250.0,
      "pct_error": -24.998098505448223,
      "mape_pct": 24.103219848123867,
      "rmse": 196.50689433326679
    },
    "Theta": {
      "p50": [
        504.2327391729116,
        501.07270056287297,
        497.91266195283436,
        494.75262334279574,
        491.5925847327572,
        488.43254612271863,
        485.27250751268,
        482.1124689026414,
        478.9524302926028,
        475.7923916825642,
        472.6323530725256,
        469.47231446248696
      ],
      "pred_sum": 5842.230321812392,
      "actual_sum": 8250.0,
      "pct_error": -29.185087008334648,
      "mape_pct": 27.26938328019895,
      "rmse": 229.51082233603563
    },
    "LightGBM": {
      "p50": [
        745.7136803327426,
        478.2831260019296,
        763.8840671574785,
        343.68697005097005,
        718.7612624411883,
        352.02565821176734,
        761.4658829445675,
        349.043869661978,
        766.7111125760237,
        355.1120176673151,
        756.3404832909649,
        350.8592493411151
      ],
      "pred_sum": 6741.887379678041,
      "actual_sum": 8250.0,
      "pct_error": -18.280152973599506,
      "mape_pct": 27.37028107512342,
      "rmse": 245.99781003419872
    },
    "Ensemble[Theta,ETS,SN]": {
      "p50": [
        535.8218277415262,
        507.4466166770829,
        508.98100080216756,
        493.67199301861575,
        484.078633822452,
        543.7661890830731,
        645.4578415602223,
        400.5628155575935,
        586.5577960518893,
        458.6668689244718,
        508.7938789699738,
        447.4902694952363
      ],
      "pred_sum": 6121.295731704304,
      "actual_sum": 8250.0,
      "pct_error": -25.80247597934177,
      "mape_pct": 24.80693057545351,
      "rmse": 195.85396465763645
    },
    "Chronos-bolt (univariate)": {
      "p50": [
        516.1064453125,
        520.1974487304688,
        519.2893676757812,
        521.027587890625,
        531.1611938476562,
        531.7175903320312,
        542.47900390625,
        543.4951782226562,
        547.1112670898438,
        549.2703857421875,
        553.2008056640625,
        565.7606811523438
      ],
      "pred_sum": 6440.81689453125,
      "actual_sum": 8250.0,
      "pct_error": -21.9294921875,
      "mape_pct": 21.535661422632423,
      "rmse": 187.5867099775242
    },
    "TTM-r2 (multivariate)": {
      "p50": [
        469.45623779296875,
        498.5694885253906,
        517.9183349609375,
        530.3395385742188,
        540.8634643554688,
        550.9049072265625,
        565.493896484375,
        574.75830078125,
        583.48388671875,
        583.6903076171875,
        586.5823974609375,
        597.24951171875
      ],
      "pred_sum": 6599.310546875,
      "actual_sum": 8250.0,