{
  "model": "SeasonalNaive(12)",
  "config": {
    "start_train": 24,
    "horizon": 6,
    "step": 3,
    "max_folds": 7,
    "season_length": 12
  },
  "metrics": {
    "revenue": {
      "folds": 7,
      "MASE_mean": 0.929051588889327,
      "sMAPE_mean": 22.099309217108132,
      "RMSE_mean": 144646.5536078017,
      "MASE_per_fold": [
        0.9389711446566588,
        1.588476717985522,
        0.841619685785526,
        0.3279013156513316,
        0.804353713026529,
        1.0910909547535383,
        0.9109475903661829
      ],
      "sMAPE_per_fold": [
        23.982855819009142,
        37.72624723778854,
        21.317185795647706,
        8.808759672390941,
        18.144408611906666,
        24.066618885743367,
        20.64908849727055
      ],
      "RMSE_per_fold": [
        166449.16827815678,
        235868.8843502303,
        178269.81896273157,
        66462.76018370567,
        112585.55801915687,
        137046.7238309436,
        115842.96162968705
      ]
    },
    "units": {
      "folds": 7,
      "MASE_mean": 0.9154456822322903,
      "sMAPE_mean": 29.615028816692707,
      "RMSE_mean": 185.34174824190308,
      "MASE_per_fold": [
        0.6854082998661312,
        0.9447619047619048,
        1.0219341974077767,
        0.642521426596627,
        0.8765493306891423,
        1.1857042747021724,
        1.0512403416022773
      ],
      "sMAPE_per_fold": [
        26.18057123329543,
        34.53218736158663,
        34.91614929275394,
        20.525079555157173,
        22.93127390702501,
        34.35360039615242,
        33.866339970878364
      ],
      "RMSE_per_fold": [
        165.31585929164004,
        210.04602670208578,
        202.0936251674786,
        140.95034586690448,
        180.10089764721698,
        201.80766420860564,
        197.07781880938978
      ]
    },
    "cost": {
      "folds": 7,
      "MASE_mean": 0.7858499598793688,
      "sMAPE_mean": 29.5825978651551,
      "RMSE_mean": 28223.496110217082,
      "MASE_per_fold": [
        0.6890997952311898,
        1.1321813809503303,
        1.0507701016519957,
        0.650640555847878,
        0.7447785028800658,
        0.6863166293920779,
        0.5471627532020445
      ],
      "sMAPE_per_fold": [
        27.949183738688472,
        43.23691267620398,
        39.254271514329815,
        25.565283887189434,
        25.43289812515238,
        24.936842861898413,
        20.70279225262323
      ],
      "RMSE_per_fold": [
        29725.34114137324,
        42936.86679840357,
        38754.99881439298,
        21723.67437239074,
        24186.538269802408,
        21830.028965787777,
        18407.02440936883
      ]
    }
  }
}