{
  "revenue": {
    "SeasonalNaive(12)": [
      564184.0,
      609716.2300000001,
      544458.2499999998,
      667766.9800000001,
      609626.95,
      635621.7400000001,
      834353.7299999999,
      424916.36000000016,
      734086.18,
      595475.2800000005,
      589414.1699999999,
      561988.0699999998
    ],
    "AutoETS": [
      546504.2014379078,
      546504.2014379078,
      546504.2014379078,
      546504.2014379078,
      546504.2014379078,
      546504.2014379078,
      546504.2014379078,
      546504.2014379078,
      546504.2014379078,
      546504.2014379078,
      546504.2014379078,
      546504.2014379078
    ],
    "Theta": [
      597269.2305085957,
      598288.88630294,
      599308.5420972843,
      600328.1978916287,
      601347.8536859731,
      602367.5094803175,
      603387.165274662,
      604406.8210690063,
      605426.4768633507,
      606446.132657695,
      607465.7884520395,
      608485.4442463837
    ],
    "Ensemble[Theta,ETS,SN]": [
      569319.1439821678,
      584836.4392469493,
      563423.6645117307,
      604866.4597765122,
      585826.3350412936,
      594831.1503060752,
      661415.0322375232,
      525275.7941689714,
      628672.2861004196,
      582808.5380318678,
      581128.053296649,
      572325.9052280971
    ],
    "AutoETS+MinT-OLS": [
      613581.9063523292,
      729529.4734136314,
      474165.83375054615,
      627295.0218521219,
      642121.6708075273,
      486423.1152389626,
      647395.7448339522,
      576478.9155381212,
      659934.7646121993,
      554710.2458443833,
      654863.787772015,
      562700.7946678809
    ],
    "LightGBM": [
      564322.5840036578,
      607417.7705285297,
      546166.47913232,
      667512.3600023907,
      609757.9940711565,
      636090.013558807,
      825305.100447067,
      429276.2473969771,
      734654.379042334,
      595833.7603678649,
      589240.2480392245,
      561805.034406632
    ],
    "Chronos-bolt": [
      570742.0625,
      566645.0625,
      570715.625,
      572345.4375,
      575118.3125,
      581672.5,
      579514.875,
      574670.8125,
      573316.1875,
      572720.0625,
      576191.75,
      579046.75
    ],
    "\u2605 Ship combo": [
      604248.99470195,
      716789.6568356483,
      467995.6653595366,
      614094.7034092731,
      629448.4512563053,
      478110.981719739,
      637400.9305671304,
      566207.718056725,
      645976.2373886323,
      536618.5182110346,
      631281.4044932176,
      535049.746084326
    ]
  },
  "units": {
    "SeasonalNaive(12)": [
      615.0,
      559.0,
      768.0,
      712.0,
      635.0,
      874.0,
      862.0,
      493.0,
      744.0,
      718.0,
      602.0,
      668.0
    ],
    "AutoETS": [
      668.8471711475023,
      668.8471711475023,
      668.8471711475023,
      668.8471711475023,
      668.8471711475023,
      668.8471711475023,
      668.8471711475023,
      668.8471711475023,
      668.8471711475023,
      668.8471711475023,
      668.8471711475023,
      668.8471711475023
    ],
    "Theta": [
      670.6923538024668,
      670.590502955745,
      670.4886521090233,
      670.3868012623017,
      670.2849504155799,
      670.1830995688583,
      670.0812487221366,
      669.9793978754149,
      669.8775470286932,
      669.7756961819716,
      669.67384533525,
      669.5719944885283
    ],
    "Ensemble[Theta,ETS,SN]": [
      651.513174983323,
      632.8125580344158,
      702.4452744188419,
      683.7446574699346,
      658.0440405210275,
      737.6767569054535,
      733.6428066232129,
      610.6088563409725,
      694.2415727253984,
      685.5409557764914,
      646.8403388275841,
      668.8063885453436
    ],
    "AutoETS+MinT-OLS": [
      668.8471711475023,
      668.8471711475023,
      668.8471711475023,
      668.8471711475023,
      668.8471711475023,
      668.8471711475023,
      668.8471711475023,
      668.8471711475023,
      668.8471711475023,
      668.8471711475023,
      668.8471711475023,
      668.8471711475023
    ],
    "LightGBM": [
      615.0470374718092,
      559.2395257612521,
      767.8652705884671,
      712.3574764364789,
      634.9225548774873,
      873.7900501646893,
      861.1251493753367,
      494.4521013056973,
      744.4272938698404,
      715.5774912629793,
      604.3347854195841,
      666.7878909251186
    ],
    "Chronos-bolt": [
      658.6736450195312,
      657.1670532226562,
      660.1436767578125,
      654.7724609375,
      655.646484375,
      657.417724609375,
      658.5211791992188,
      656.9302368164062,
      654.7001342773438,
      647.0328979492188,
      644.76123046875,
      635.9801025390625
    ],
    "\u2605 Ship combo": [
      658.6736450195312,
      657.1670532226562,
      660.1436767578125,
      654.7724609375,
      655.646484375,
      657.417724609375,
      658.5211791992188,
      656.9302368164062,
      654.7001342773438,
      647.0328979492188,
      644.76123046875,
      635.9801025390625
    ]
  },
  "cost": {
    "SeasonalNaive(12)": [
      85257.40000000002,
      99509.37999999998,
      87376.75999999997,
      111781.33000000002,
      85718.71000000002,
      89011.09000000001,
      126365.23000000003,
      63305.41999999999,
      109713.82999999999,
      80838.78999999998,
      81300.98999999996,
      101499.21000000004
    ],
    "AutoETS": [
      83838.28088577955,
      83838.28088577955,
      83838.28088577955,
      83838.28088577955,
      83838.28088577955,
      83838.28088577955,
      83838.28088577955,
      83838.28088577955,
      83838.28088577955,
      83838.28088577955,
      83838.28088577955,
      83838.28088577955
    ],
    "Theta": [
      90474.8538191587,
      90582.29811871362,
      90689.74241826856,
      90797.1867178235,
      90904.63101737843,
      91012.07531693336,
      91119.5196164883,
      91226.96391604323,
      91334.40821559815,
      91441.85251515306,
      91549.296814708,
      91656.74111426294
    ],
    "Ensemble[Theta,ETS,SN]": [
      86523.51156831275,
      91309.98633483105,
      87301.59443468269,
      95472.26586786768,
      86820.540634386,
      87953.81540090432,
      100441.01016742263,
      79456.88826727425,
      94962.17303379257,
      85372.97446697752,
      85562.8559001625,
      92331.41066668084
    ],
    "AutoETS+MinT-OLS": [
      92722.22895835947,
      119063.6266827224,
      76095.96191410704,
      105006.49769326608,
      90287.74283135927,
      68117.63815475485,
      98049.91486879757,
      85885.70199858927,
      98631.43122480909,
      75304.72981961975,
      90328.7992906833,
      101627.93335659626
    ],
    "LightGBM": [
      85208.54605343913,
      99202.26454723171,
      87439.47832442436,
      111806.87655222288,
      85780.44054821691,
      89093.05628751132,
      125642.18208277773,
      63485.75213263986,
      109840.44373368415,
      80888.45153902822,
      81250.74815952189,
      101679.6997450846
    ],
    "Chronos-bolt": [
      87780.171875,
      86717.6328125,
      87327.6796875,
      87217.7578125,
      87536.140625,
      89255.6796875,
      89270.828125,
      88481.4609375,
      88135.859375,
      87647.8828125,
      87927.0234375,
      88353.7734375
    ],
    "\u2605 Ship combo": [
      91311.87385835478,
      116984.41148946961,
      75105.74949164706,
      102796.82097045901,
      88505.78087663019,
      66953.625003204,
      96536.17200624189,
      84355.46562345244,
      96545.24090467964,
      72848.68601728177,
      87075.95739323508,
      96633.9490769968
    ]
  },
  "_meta": {
    "future_months": [
      "2026-01",
      "2026-02",
      "2026-03",
      "2026-04",
      "2026-05",
      "2026-06",
      "2026-07",
      "2026-08",
      "2026-09",
      "2026-10",
      "2026-11",
      "2026-12"
    ],
    "last12_margin": 0.8477468028706913
  }
}