{
  "config": {
    "start_train": 24,
    "horizon": 6,
    "step": 3,
    "max_folds": 7,
    "season_length": 12,
    "target": "revenue",
    "floor_mase": 0.929,
    "beat_target_mase": 0.79
  },
  "leaderboard": {
    "SeasonalNaive(12)": {
      "fold_mean_MASE": 0.929051588889327,
      "fold_mean_sMAPE": 22.099309217108132,
      "fold_mean_RMSE": 144646.5536078017,
      "per_fold_MASE": [
        0.9389711446566588,
        1.588476717985522,
        0.841619685785526,
        0.3279013156513316,
        0.804353713026529,
        1.0910909547535383,
        0.9109475903661829
      ],
      "per_fold_sMAPE": [
        23.982855819009142,
        37.72624723778854,
        21.317185795647706,
        8.808759672390941,
        18.144408611906666,
        24.066618885743367,
        20.64908849727055
      ],
      "per_fold_RMSE": [
        166449.16827815678,
        235868.8843502303,
        178269.81896273157,
        66462.76018370567,
        112585.55801915687,
        137046.7238309436,
        115842.96162968705
      ]
    },
    "AutoETS": {
      "fold_mean_MASE": 0.786035605316585,
      "fold_mean_sMAPE": 17.6791195944799,
      "fold_mean_RMSE": 117884.0533240165,
      "per_fold_MASE": [
        0.4792965280183517,
        0.9946777772089572,
        0.7403978062728233,
        0.2750990413493122,
        0.6539783119902307,
        1.3150475997411768,
        1.0437521726352432
      ],
      "per_fold_sMAPE": [
        11.836292190602864,
        24.02021242954671,
        20.042435671716355,
        7.269677731801784,
        14.155992232674944,
        25.937128616441214,
        20.492098288575434
      ],
      "per_fold_RMSE": [
        80307.97450459954,
        143048.8646185372,
        129524.43160787036,
        48339.9625274284,
        91231.6809582301,
        175589.64816563544,
        157145.8108858144
      ]
    },
    "Theta": {
      "fold_mean_MASE": 0.745040694929939,
      "fold_mean_sMAPE": 16.785439000696794,
      "fold_mean_RMSE": 113869.65205122095,
      "per_fold_MASE": [
        0.47945695728817433,
        0.9961227430499873,
        0.7232744539718395,
        0.2650642567676028,
        0.6815639116785466,
        1.1968193286666455,
        0.872983213086777
      ],
      "per_fold_sMAPE": [
        11.84001564995637,
        24.05993923284168,
        19.60555279926851,
        7.0013722847588875,
        14.808668717127201,
        23.3458292094894,
        16.836695111435514
      ],
      "per_fold_RMSE": [
        80475.51296197662,
        143265.4095652669,
        130312.74509060493,
        47689.17557775974,
        94345.79656982119,
        160145.7672305146,
        140853.15736260262
      ]
    },
    "SARIMAX+LASSO_exog": {
      "fold_mean_MASE": 1.5391265036048298,
      "fold_mean_sMAPE": 31.066434168321557,
      "fold_mean_RMSE": 243494.14951175256,
      "per_fold_MASE": [
        1.346215514966555,
        1.6322152850645915,
        0.9752828469447817,
        2.2086397138432035,
        3.2020534458864884,
        0.6786573341153666,
        0.7308213844128214
      ],
      "per_fold_sMAPE": [
        41.91347313893934,
        39.26316413425091,
        23.89051311945675,
        36.320310005859405,
        49.0973378696284,
        12.868520484473567,
        14.111720425642519
      ],
      "per_fold_RMSE": [
        240952.58618793904,
        237323.09194075852,
        175440.75390327637,
        430172.0570152159,
        417256.82435491483,
        101325.54820024937,
        101988.1849799137
      ]
    },
    "LightGBM": {
      "fold_mean_MASE": 0.9233496378682161,
      "fold_mean_sMAPE": 21.23444472227445,
      "fold_mean_RMSE": 142677.70686201044,
      "per_fold_MASE": [
        0.5762867924172713,
        1.1325529041727194,
        1.1470265755223092,
        0.41137007494258776,
        0.5069799858636566,
        1.5869042571656446,
        1.102326874993324
      ],
      "per_fold_sMAPE": [
        14.363790790044614,
        27.0867032922024,
        30.959758977117584,
        10.462376202040275,
        11.269441530096362,
        32.691097133515456,
        21.80794513090445
      ],
      "per_fold_RMSE": [
        87835.60149917682,
        158717.71735399237,
        169992.2017796069,
        76425.31585470254,
        95296.04100657157,
        224686.0880042252,
        185790.98253579772
      ]
    },
    "Ensemble[Theta,AutoETS,LightGBM]": {
      "fold_mean_MASE": 0.802732140520902,
      "fold_mean_sMAPE": 18.101611944701492,
      "fold_mean_RMSE": 121495.90779819748,
      "per_fold_MASE": [
        0.5116800925745991,
        1.0411178081438879,
        0.8702329452556578,
        0.23708439651625188,
        0.59846041503329,
        1.366257061857823,
        0.994292264264804
      ],
      "per_fold_sMAPE": [
        12.662961300830602,
        25.060601729243047,
        23.288276025290212,
        6.249063650784641,
        12.91667749682633,
        27.140431369264732,
        19.393272040670897
      ],
      "per_fold_RMSE": [
        81117.52021339754,
        148077.2697959395,
        139969.87048376634,
        47850.95767707967,
        88549.8347023934,
        184387.43803020573,
        160518.46368460037
      ]
    }
  },
  "candidate_meta": {
    "SeasonalNaive(12)": [
      {
        "fold": 0,
        "elapsed_s": 0.0033729076385498047
      },
      {
        "fold": 1,
        "elapsed_s": 0.0014781951904296875
      },
      {
        "fold": 2,
        "elapsed_s": 0.0012102127075195312
      },
      {
        "fold": 3,
        "elapsed_s": 0.001444101333618164
      },
      {
        "fold": 4,
        "elapsed_s": 0.0011591911315917969
      },
      {
        "fold": 5,
        "elapsed_s": 0.0011420249938964844
      },
      {
        "fold": 6,
        "elapsed_s": 0.001255035400390625
      }
    ],
    "AutoETS": [
      {
        "fold": 0,
        "elapsed_s": 0.02315521240234375
      },
      {
        "fold": 1,
        "elapsed_s": 0.022265195846557617
      },
      {
        "fold": 2,
        "elapsed_s": 0.022499799728393555
      },
      {
        "fold": 3,
        "elapsed_s": 0.024232149124145508
      },
      {
        "fold": 4,
        "elapsed_s": 0.02527308464050293
      },
      {
        "fold": 5,
        "elapsed_s": 0.026343107223510742
      },
      {
        "fold": 6,
        "elapsed_s": 0.027322053909301758
      }
    ],
    "Theta": [
      {
        "fold": 0,
        "elapsed_s": 0.0016829967498779297
      },
      {
        "fold": 1,
        "elapsed_s": 0.0017049312591552734
      },
      {
        "fold": 2,
        "elapsed_s": 0.0015339851379394531
      },
      {
        "fold": 3,
        "elapsed_s": 0.001600027084350586
      },
      {
        "fold": 4,
        "elapsed_s": 0.0015399456024169922
      },
      {
        "fold": 5,
        "elapsed_s": 0.0018482208251953125
      },
      {
        "fold": 6,
        "elapsed_s": 0.0016150474548339844
      }
    ],
    "SARIMAX+LASSO_exog": [
      {
        "fold": 0,
        "elapsed_s": 0.10287189483642578,
        "order": [
          0,
          1,
          1
        ],
        "seasonal_order": [
          0,
          1,
          1,
          12
        ],
        "used_exog": false,
        "selected_exog": [],
        "fallback": false,
        "aic": 6.0
      },
      {
        "fold": 1,
        "elapsed_s": 0.12469720840454102,
        "order": [
          0,
          1,
          1
        ],
        "seasonal_order": [
          0,
          1,
          1,
          12
        ],
        "used_exog": false,
        "selected_exog": [],
        "fallback": false,
        "aic": 6.0
      },
      {
        "fold": 2,
        "elapsed_s": 0.14966225624084473,
        "order": [
          0,
          1,
          1
        ],
        "seasonal_order": [
          0,
          1,
          1,
          12
        ],
        "used_exog": false,