{
  "n_skus": 22,
  "median_lift_pct": 11.050851578371784,
  "mean_lift_pct": 47.90480846878038,
  "ci_coverage": 0.2727272727272727,
  "share_p_positive_ge_80": 0.45454545454545453,
  "share_realised_positive": 1.0,
  "share_constraint_active": 0.13636363636363635
}