{
  "loo_scalar_median": 1.1724806892764255,
  "global_scalar": 1.1794529128209712,
  "n_skus_in_support": 22
}